OTUId,5,4,7,6,9,11
ASV1,25730,3544,1229,10764,3705,120
ASV2,8944,36,89,21365,1306,0
ASV6,0,10,0,6,7,0
ASV8,10277,7,19,8083,15,0
ASV9,5481,11,0,17422,17,4
ASV10,18,8,0,58,6544,45
ASV11,0,0,25040,0,0,0
ASV12,0,0,0,0,0,0
ASV14,0,0,66,13,0,155
ASV15,0,0,0,0,785,15316
ASV16,0,0,0,1,64,2053
ASV17,6684,17,12,5654,0,0
ASV18,0,0,0,0,10273,0
ASV19,0,18,0,0,5,0
ASV20,0,1,2109,0,5,59
ASV21,689,0,24,2755,735,31
ASV22,0,0,0,0,7159,338
ASV23,0,0,0,0,0,0
ASV24,0,0,0,0,0,0
ASV25,1174,5,7,39,0,0
ASV27,0,0,0,0,6148,0
ASV28,0,0,0,0,0,0
ASV29,49,0,19,663,167,0
ASV30,0,0,3,0,0,0
ASV31,0,0,0,0,0,0
ASV32,0,0,0,0,0,0
ASV33,0,0,0,0,4224,0
ASV34,9,0,0,8,0,2091
ASV35,0,0,0,0,233,276
ASV36,0,3060,19,0,0,0
ASV40,0,2812,0,0,0,0
ASV41,0,0,0,0,0,4157
ASV42,0,0,0,0,3179,0
ASV46,1256,0,0,0,0,0
ASV47,0,0,0,0,2296,353
ASV48,10,0,43,0,516,0
ASV49,0,6,0,0,28,168
ASV50,0,0,0,0,0,0
ASV54,28,0,4,129,643,6
ASV55,185,391,1204,306,0,0
ASV58,0,0,35,0,0,4
ASV60,598,91,11,402,136,12
ASV62,0,0,0,0,596,10
ASV65,107,0,10,71,61,3
ASV67,0,0,0,0,1501,0
ASV68,0,0,0,0,0,0
ASV69,0,1306,18,0,0,0
ASV72,0,0,75,2,62,742
ASV73,0,0,767,7,130,778
ASV74,8,1279,26,6,14,10
ASV77,1244,0,8,225,0,0
ASV81,681,0,0,683,0,0
ASV82,0,0,0,0,2,0
ASV83,376,31,421,371,0,0
ASV85,0,0,0,9,0,15
ASV86,478,351,4,282,0,5
ASV87,0,965,0,0,0,0
ASV89,369,5,5,730,16,0
ASV91,1033,0,0,0,0,0
ASV92,0,0,1185,0,0,0
ASV93,695,0,0,49,0,0
ASV97,0,0,0,0,0,0
ASV98,0,0,1148,0,0,0
ASV99,10,25,115,133,67,665
ASV102,0,533,334,0,0,0
ASV105,0,12,0,0,657,323
ASV107,0,0,0,0,288,0
ASV108,767,0,10,55,0,0
ASV109,0,0,0,0,822,0
ASV110,611,0,66,186,0,0
ASV111,0,0,941,0,29,0
ASV113,445,0,196,192,0,0
ASV117,0,0,0,15,715,0
ASV118,0,0,726,0,0,0
ASV119,0,512,107,0,4,6
ASV120,797,0,0,0,0,0
ASV121,0,659,0,0,0,0
ASV122,0,0,0,0,51,859
ASV123,0,0,0,0,134,590
ASV126,0,560,0,4,38,0
ASV128,0,0,462,0,0,380
ASV133,0,553,0,0,0,0
ASV135,0,0,8,0,131,400
ASV137,0,0,0,619,0,0
ASV145,0,509,0,8,10,0
ASV147,0,0,0,0,529,120
ASV149,14,0,6,11,124,0
ASV150,12,119,483,15,0,0
ASV153,0,504,0,0,0,0
ASV154,489,0,0,6,0,0
ASV155,0,0,0,0,0,0
ASV156,0,329,157,0,0,0
ASV157,0,0,0,0,0,0
ASV158,5,0,49,376,43,14
ASV160,0,0,8,0,0,0
ASV163,0,0,0,0,17,601
ASV164,0,320,196,0,0,0
ASV165,214,5,0,318,0,0
ASV168,0,0,0,0,0,0
ASV172,0,0,0,0,0,19
ASV173,0,0,467,0,0,0
ASV174,0,101,437,0,3,0
ASV177,0,0,0,0,115,225
ASV178,0,428,0,0,0,0
ASV182,0,0,0,0,279,0
ASV183,10,0,0,6,13,0
ASV185,0,0,15,0,0,76
ASV186,0,377,3,0,0,0
ASV187,0,326,16,0,0,0
ASV192,0,0,0,0,422,11
ASV197,25,37,339,30,0,0
ASV198,8,0,0,13,0,0
ASV199,0,0,15,0,0,0
ASV206,250,0,0,114,0,0
ASV207,164,6,0,212,11,0
ASV208,0,0,9,0,185,163
ASV210,0,239,85,0,0,0
ASV211,0,285,54,0,0,0
ASV213,0,0,458,0,0,0
ASV215,0,0,0,0,406,0
ASV219,0,0,20,0,26,0
ASV220,0,0,0,0,383,0
ASV221,0,326,0,0,0,0
ASV222,0,0,0,0,0,0
ASV223,179,43,94,39,0,0
ASV224,0,233,48,13,0,0
ASV226,0,0,0,0,151,287
ASV227,0,0,0,0,0,86
ASV230,0,11,367,0,0,0
ASV231,0,301,0,0,0,0
ASV233,0,0,318,0,0,0
ASV236,22,0,0,0,0,0
ASV239,0,0,323,0,0,0
ASV243,0,0,0,0,97,292
ASV247,0,0,0,0,0,117
ASV249,0,0,0,0,19,175
ASV252,0,0,0,0,0,14
ASV255,285,0,0,0,0,0
ASV258,0,0,0,0,60,276
ASV259,0,0,212,0,0,0
ASV260,0,3,223,1,0,0
ASV261,0,0,0,0,0,0
ASV263,0,0,0,0,35,268
ASV266,0,211,31,0,0,0
ASV267,0,0,272,0,0,0
ASV268,0,0,0,0,0,0
ASV269,82,0,0,172,0,0
ASV272,0,0,309,0,0,0
ASV275,0,0,0,0,4,256
ASV276,0,0,0,0,0,0
ASV277,195,14,0,54,4,0
ASV279,0,0,298,0,0,0
ASV280,205,0,0,32,0,0
ASV281,0,67,205,0,0,0
ASV283,0,0,0,0,0,0
ASV285,0,0,0,0,0,0
ASV288,0,0,0,0,0,296
ASV289,87,0,0,119,0,0
ASV292,0,217,0,0,0,0
ASV294,6,0,20,12,26,0
ASV295,0,0,0,0,0,36
ASV297,0,0,0,0,0,0
ASV299,0,8,10,0,0,0
ASV303,175,0,0,30,0,0
ASV304,0,0,0,0,0,0
ASV306,0,0,0,0,0,0
ASV307,0,0,0,0,0,0
ASV310,0,0,0,0,0,0
ASV313,7,160,6,0,0,0
ASV316,0,0,0,0,0,0
ASV319,0,0,0,0,0,272
ASV320,0,16,0,0,133,41
ASV321,0,0,0,0,0,0
ASV323,16,0,38,0,0,0
ASV324,0,0,0,0,40,0
ASV325,0,0,0,0,15,64
ASV326,188,0,0,0,0,0
ASV329,0,0,0,0,0,250
ASV330,0,0,0,7,47,0
ASV332,0,0,35,0,0,191
ASV333,0,0,0,0,0,0
ASV334,0,166,0,0,0,0
ASV336,0,0,0,0,88,0
ASV337,0,0,0,0,203,0
ASV342,175,0,0,0,0,0
ASV344,0,0,0,0,50,163
ASV345,0,140,21,0,0,0
ASV346,0,142,8,0,0,0
ASV348,0,43,132,0,0,0
ASV349,6,0,0,26,0,0
ASV351,0,0,194,0,6,0
ASV352,120,2,8,42,0,0
ASV353,0,0,0,0,0,0
ASV355,0,147,0,0,0,0
ASV356,0,0,5,0,118,0
ASV358,0,0,0,0,0,0
ASV361,0,0,0,0,0,0
ASV362,0,0,0,0,0,0
ASV364,0,0,0,0,0,226
ASV365,0,0,190,0,0,12
ASV367,0,0,0,0,0,0
ASV368,161,0,0,0,0,0
ASV369,0,0,206,0,0,0
ASV372,0,0,0,0,166,0
ASV379,0,0,12,0,0,175
ASV383,0,0,0,0,107,0
ASV385,0,130,0,0,0,0
ASV386,82,0,0,30,0,0
ASV387,0,62,92,0,0,0
ASV388,0,124,0,0,0,0
ASV389,0,120,0,0,0,0
ASV391,0,0,20,0,0,0
ASV392,0,122,28,0,0,0
ASV393,0,0,0,0,163,0
ASV397,0,0,0,0,0,0
ASV398,0,0,0,0,0,0
ASV399,139,0,0,0,0,0
ASV400,0,0,0,0,9,166
ASV401,0,0,0,0,0,204
ASV402,0,0,0,0,0,0
ASV404,0,0,16,0,0,109
ASV405,0,0,0,0,0,0
ASV412,0,0,60,0,20,54
ASV413,0,34,106,0,0,0
ASV414,0,26,118,0,0,0
ASV415,0,119,0,0,0,0
ASV416,0,0,0,1,0,0
ASV417,0,0,0,0,0,0
ASV419,0,0,124,0,0,0
ASV420,0,0,0,121,0,0
ASV424,0,90,4,0,0,0
ASV431,11,0,0,12,12,0
ASV432,0,0,0,0,0,0
ASV433,0,3,0,111,0,0
ASV434,15,0,0,88,4,0
ASV435,0,0,0,0,0,164
ASV437,0,0,142,0,0,0
ASV438,0,113,0,0,0,0
ASV440,0,111,0,0,0,0
ASV443,3,0,0,0,0,0
ASV445,0,95,0,0,0,0
ASV446,0,7,133,0,0,0
ASV447,0,0,0,0,0,144
ASV449,30,0,46,39,0,0
ASV452,0,0,0,0,6,22
ASV453,0,0,0,0,50,0
ASV455,0,0,0,0,0,0
ASV457,0,0,0,0,123,0
ASV458,0,0,0,0,0,0
ASV459,0,0,0,0,0,0
ASV460,0,0,0,0,7,0
ASV461,0,0,113,0,10,0
ASV462,0,0,0,0,115,0
ASV464,0,0,93,0,5,0
ASV466,0,0,138,0,0,0
ASV467,0,0,0,0,0,0
ASV469,0,0,0,0,0,27
ASV470,0,0,122,0,0,0
ASV472,0,100,0,0,0,0
ASV474,6,0,14,80,0,0
ASV475,35,0,0,64,0,0
ASV477,0,22,82,0,0,0
ASV478,0,0,3,0,16,11
ASV479,0,0,106,0,0,0
ASV481,0,0,5,0,0,0
ASV483,0,93,0,0,0,0
ASV486,0,92,0,0,0,0
ASV488,0,0,0,18,0,102
ASV494,0,0,127,0,0,0
ASV496,0,0,0,0,0,0
ASV497,0,0,0,0,0,138
ASV498,0,0,0,0,0,0
ASV500,0,0,78,0,0,0
ASV501,0,0,0,0,0,22
ASV502,0,0,0,0,0,63
ASV503,0,0,0,86,0,0
ASV504,0,0,0,0,9,119
ASV505,0,0,0,0,0,0
ASV507,0,81,0,0,0,0
ASV508,7,0,17,9,0,0
ASV509,0,0,115,0,0,0
ASV511,0,0,0,0,106,0
ASV513,0,0,0,0,109,0
ASV514,0,74,0,0,0,0
ASV515,0,0,74,0,0,0
ASV516,0,0,0,0,13,114
ASV517,0,90,0,0,0,0
ASV518,0,77,0,0,0,0
ASV519,0,26,62,0,0,0
ASV521,0,0,0,0,89,0
ASV522,0,78,0,0,0,0
ASV523,0,0,0,20,0,8
ASV524,0,0,118,0,0,0
ASV526,0,0,0,0,0,0
ASV529,0,44,48,0,0,0
ASV530,0,0,0,0,70,0
ASV532,0,82,0,0,0,0
ASV535,0,0,0,0,100,0
ASV537,0,80,0,0,0,0
ASV542,0,0,110,0,0,0
ASV545,0,0,0,0,3,0
ASV547,0,0,110,0,0,0
ASV548,0,80,0,0,0,0
ASV551,0,75,0,0,0,0
ASV552,0,0,100,0,0,0
ASV553,0,0,0,0,83,0
ASV555,0,23,61,0,0,0
ASV556,0,0,0,0,85,0
ASV558,0,0,87,0,0,0
ASV559,0,82,0,0,0,0
ASV561,0,0,0,0,20,11
ASV562,0,0,37,0,18,4
ASV564,0,72,0,0,0,0
ASV569,0,82,0,0,0,0
ASV570,0,75,0,0,0,0
ASV571,0,0,10,0,12,0
ASV574,0,0,0,0,0,0
ASV576,0,0,66,0,0,0
ASV579,0,0,19,0,0,0
ASV580,0,0,16,0,0,0
ASV581,0,0,0,0,0,112
ASV582,0,66,0,0,0,0
ASV583,0,75,0,0,0,0
ASV584,0,0,0,89,0,0
ASV585,0,0,62,0,0,0
ASV588,27,0,9,11,0,0
ASV589,0,0,0,0,82,0
ASV591,0,0,95,0,0,0
ASV592,0,0,52,0,0,14
ASV595,0,0,0,78,0,0
ASV596,0,0,0,31,0,0
ASV599,0,0,24,4,0,12
ASV600,0,64,2,0,0,0
ASV601,0,65,11,0,0,0
ASV603,0,0,63,0,0,0
ASV611,0,3,89,0,0,0
ASV613,0,0,88,0,0,0
ASV615,1,0,0,10,0,0
ASV616,0,0,55,0,0,35
ASV618,0,0,93,0,0,0
ASV619,0,0,0,0,0,0
ASV623,0,20,27,0,0,0
ASV628,0,0,0,0,0,0
ASV631,0,0,0,0,0,58
ASV637,0,0,0,4,11,0
ASV638,0,0,0,0,0,26
ASV639,0,0,36,14,0,0
ASV640,4,0,0,0,18,0
ASV641,0,0,0,0,0,0
ASV642,0,0,0,0,0,97
ASV644,0,3,0,0,0,0
ASV645,66,0,0,0,0,0
ASV646,0,0,35,24,0,0
ASV647,0,0,0,0,80,0
ASV649,0,0,0,0,0,0
ASV650,0,48,11,0,0,1
ASV652,0,0,0,0,68,0
ASV653,4,0,12,15,0,15
ASV654,0,33,0,0,0,0
ASV655,0,62,0,0,0,0
ASV656,0,0,53,0,0,0
ASV660,0,0,87,0,0,0
ASV661,0,0,64,0,0,0
ASV665,0,0,0,0,0,27
ASV666,0,0,0,0,0,17
ASV667,15,0,0,40,0,0
ASV671,0,0,86,0,0,0
ASV674,0,0,0,0,0,0
ASV676,0,0,0,0,0,57
ASV677,0,0,71,0,0,0
ASV678,0,0,71,0,0,0
ASV680,0,0,0,0,78,0
ASV682,0,0,0,13,0,7
ASV686,0,49,0,0,0,0
ASV688,0,48,0,0,0,0
ASV691,0,11,0,0,0,0
ASV693,0,0,0,0,60,0
ASV694,0,12,0,0,0,0
ASV695,0,6,59,0,0,0
ASV698,0,57,0,0,0,0
ASV699,0,0,63,0,0,0
ASV700,0,0,58,0,0,0
ASV702,0,51,0,0,0,0
ASV703,0,0,0,45,0,0
ASV704,0,0,71,0,0,0
ASV706,0,0,55,0,0,0
ASV707,0,0,0,0,0,82
ASV708,0,0,0,0,0,0
ASV709,0,46,0,0,0,0
ASV710,55,0,0,0,0,0
ASV713,0,0,61,0,0,0
ASV715,0,0,0,0,0,81
ASV717,0,0,70,0,0,0
ASV719,0,0,0,0,0,0
ASV720,0,37,0,0,0,0
ASV723,0,0,55,0,0,0
ASV725,0,47,0,0,0,0
ASV726,0,42,5,0,0,0
ASV728,0,0,0,0,0,0
ASV731,0,0,0,0,0,0
ASV732,0,48,0,0,0,0
ASV735,0,0,38,0,0,0
ASV738,0,0,0,0,57,0
ASV739,0,0,0,0,3,0
ASV743,0,0,0,0,0,0
ASV746,0,0,12,20,0,0
ASV749,0,0,0,0,0,0
ASV750,0,36,0,0,0,0
ASV751,0,28,15,0,0,0
ASV752,0,0,55,0,0,0
ASV755,0,0,55,0,0,0
ASV756,0,0,0,0,0,0
ASV758,0,0,0,0,0,0
ASV759,0,43,0,0,0,0
ASV761,0,0,0,0,0,0
ASV764,0,0,0,50,0,0
ASV766,0,45,0,0,0,0
ASV769,5,0,0,0,10,0
ASV774,0,0,11,35,0,0
ASV777,0,0,0,0,0,0
ASV780,0,0,0,0,0,0
ASV781,0,45,0,0,0,0
ASV782,0,40,3,0,0,0
ASV783,0,0,53,0,0,0
ASV784,0,0,27,0,0,0
ASV786,0,38,0,0,0,0
ASV788,0,3,26,0,0,0
ASV789,0,40,0,0,0,0
ASV791,0,0,0,0,0,0
ASV792,0,0,54,0,0,0
ASV794,0,0,0,0,0,0
ASV795,0,36,0,0,0,0
ASV798,0,0,50,0,0,0
ASV799,0,0,26,0,0,0
ASV801,0,0,26,0,10,0
ASV802,0,0,0,0,50,0
ASV804,0,0,0,0,46,0
ASV805,0,0,0,0,20,39
ASV807,0,30,0,0,0,0
ASV808,0,34,0,0,0,0
ASV810,0,0,21,0,17,0
ASV812,0,0,0,0,21,0
ASV813,0,0,0,0,40,9
ASV815,0,0,0,0,0,0
ASV816,0,0,34,0,0,0
ASV817,0,44,0,0,0,0
ASV820,0,38,0,0,0,0
ASV821,0,41,0,0,0,0
ASV822,0,32,7,0,0,0
ASV825,0,0,54,0,0,0
ASV826,14,0,0,0,0,0
ASV827,0,0,49,0,0,0
ASV830,0,0,0,0,0,0
ASV832,0,36,0,0,0,0
ASV836,0,0,39,0,0,0
ASV840,7,7,7,0,16,0
ASV841,0,0,52,0,0,0
ASV842,0,0,47,0,0,0
ASV843,0,0,0,0,0,0
ASV844,0,0,0,0,31,0
ASV845,0,36,0,0,0,0
ASV847,0,0,33,0,0,0
ASV848,0,0,0,0,0,0
ASV850,0,37,0,0,0,0
ASV852,0,0,0,0,0,0
ASV854,0,0,49,0,0,0
ASV857,13,0,0,12,0,0
ASV858,0,16,16,0,0,0
ASV863,0,14,17,0,0,0
ASV864,0,0,47,0,0,0
ASV866,0,0,0,0,2,0
ASV867,0,0,0,0,0,45
ASV877,0,0,0,0,0,30
ASV878,0,0,0,0,0,0
ASV879,0,0,0,0,0,0
ASV880,0,0,0,0,0,53
ASV881,0,0,0,0,0,0
ASV883,0,10,0,0,0,0
ASV884,0,0,0,0,0,0
ASV889,0,0,0,0,36,0
ASV890,0,0,0,0,23,21
ASV891,0,0,0,0,0,44
ASV892,0,33,0,0,0,0
ASV894,0,0,35,0,0,0
ASV895,0,0,0,0,44,0
ASV896,0,28,0,0,0,0
ASV900,0,0,17,0,0,0
ASV901,0,24,0,0,0,0
ASV903,0,0,0,0,0,0
ASV904,0,0,0,0,36,0
ASV905,0,0,0,0,0,48
ASV908,0,29,0,0,0,0
ASV911,0,0,43,0,0,0
ASV912,0,0,40,0,0,0
ASV914,0,0,33,0,0,0
ASV915,0,0,0,0,18,0
ASV917,0,0,0,0,0,42
ASV921,0,6,34,0,0,0
ASV922,0,0,27,0,0,0
ASV923,0,0,36,0,0,0
ASV925,0,0,0,0,0,0
ASV926,0,0,0,0,34,0
ASV927,0,0,0,0,0,0
ASV930,0,0,34,0,0,0
ASV931,0,0,40,0,0,0
ASV932,0,0,42,0,0,0
ASV934,0,0,0,0,14,15
ASV939,0,0,46,0,0,0
ASV947,0,0,0,0,0,0
ASV948,0,0,29,0,0,0
ASV949,0,0,0,0,0,0
ASV950,0,18,0,0,0,0
ASV951,0,21,0,0,0,0
ASV953,0,0,39,0,0,0
ASV956,0,0,0,0,8,23
ASV957,0,0,0,0,0,43
ASV963,0,0,0,0,27,0
ASV967,0,28,0,0,0,0
ASV971,0,0,30,0,0,0
ASV972,0,0,27,0,0,0
ASV982,0,0,0,0,0,0
ASV983,0,0,0,0,23,0
ASV984,0,0,0,0,0,0
ASV985,0,32,0,0,0,0
ASV986,25,0,0,0,0,0
ASV988,5,0,0,0,0,0
ASV992,0,0,0,0,6,0
ASV993,0,0,0,0,0,10
ASV997,0,0,0,0,11,0
ASV1001,0,0,28,0,0,0
ASV1004,0,29,0,0,0,0
ASV1005,10,0,0,18,0,0
ASV1007,0,0,24,0,0,0
ASV1009,0,0,0,0,0,0
ASV1014,30,0,0,0,0,0
ASV1015,0,0,0,33,0,0
ASV1017,0,0,5,0,0,0
ASV1018,0,0,0,0,0,0
ASV1020,0,0,0,0,0,0
ASV1023,30,0,0,0,0,0
ASV1024,0,0,0,11,21,0
ASV1025,0,0,0,9,4,0
ASV1029,0,0,21,0,0,0
ASV1031,0,0,0,0,0,0
ASV1032,0,0,10,0,0,0
ASV1033,0,0,0,0,0,0
ASV1036,0,0,31,0,0,0
ASV1040,0,0,0,0,0,0
ASV1041,0,0,0,0,0,0
ASV1044,0,17,0,0,0,0
ASV1047,0,0,0,2,0,0
ASV1048,0,0,32,0,0,0
ASV1051,0,0,29,0,0,0
ASV1052,0,0,24,0,0,0
ASV1053,0,0,0,0,32,0
ASV1054,0,0,0,0,0,0
ASV1061,25,0,0,0,0,0
ASV1062,0,0,0,10,0,0
ASV1068,0,0,0,0,0,0
ASV1069,0,27,0,0,0,0
ASV1071,0,0,22,0,0,6
ASV1073,0,0,0,0,7,9
ASV1074,0,20,0,0,0,0
ASV1076,0,21,0,0,0,0
ASV1077,0,0,0,28,0,0
ASV1078,0,0,34,0,0,0
ASV1080,0,0,32,0,0,0
ASV1084,0,0,11,0,0,0
ASV1085,0,0,0,0,0,0
ASV1086,0,0,0,0,0,0
ASV1092,25,0,0,0,0,0
ASV1093,0,0,0,27,0,0
ASV1094,0,0,30,0,0,0
ASV1096,0,0,26,0,0,0
ASV1097,0,0,31,0,0,0
ASV1099,0,0,0,0,0,23
ASV1101,0,0,0,0,0,0
ASV1102,0,13,0,0,0,0
ASV1103,0,22,0,0,0,0
ASV1106,0,0,26,0,0,0
ASV1108,0,0,12,0,0,0
ASV1109,0,0,0,0,5,11
ASV1111,0,0,0,0,0,35
ASV1112,0,0,0,0,0,0
ASV1113,0,5,0,0,0,0
ASV1118,7,0,0,12,0,0
ASV1119,4,0,0,3,7,3
ASV1123,0,0,0,0,26,0
ASV1129,0,26,0,0,0,0
ASV1130,0,4,17,0,0,0
ASV1131,22,0,0,0,0,0
ASV1132,0,0,0,26,0,0
ASV1134,0,0,29,0,0,0
ASV1136,0,0,18,0,0,0
ASV1138,0,0,0,0,30,0
ASV1141,0,0,0,0,0,0
ASV1142,0,0,0,0,0,0
ASV1145,0,0,0,0,0,0
ASV1146,0,0,22,0,0,0
ASV1147,0,0,0,0,0,0
ASV1148,0,0,0,0,0,0
ASV1149,0,15,0,0,0,0
ASV1151,0,10,0,0,0,0
ASV1153,0,24,0,0,0,0
ASV1154,0,0,0,14,0,0
ASV1155,0,0,25,0,0,0
ASV1156,0,0,25,0,0,0
ASV1157,0,0,24,0,0,0
ASV1158,0,0,0,0,0,0
ASV1159,0,0,0,0,0,35
ASV1160,0,0,0,0,0,0
ASV1161,0,20,0,0,0,0
ASV1171,0,0,22,0,0,0
ASV1174,0,0,0,0,31,0
ASV1176,0,0,0,0,0,0
ASV1177,0,3,15,0,0,0
ASV1178,25,0,0,0,0,0
ASV1180,0,0,27,0,0,0
ASV1185,0,0,0,0,0,0
ASV1186,0,0,0,0,0,0
ASV1187,0,12,0,0,0,0
ASV1188,0,13,0,0,0,0
ASV1190,0,0,18,0,0,0
ASV1191,0,0,32,0,0,0
ASV1192,0,0,25,0,0,0
ASV1198,0,0,0,0,0,0
ASV1199,0,0,0,0,0,0
ASV1201,0,18,0,0,0,0
ASV1207,0,0,23,0,0,0
ASV1208,0,0,26,0,0,0
ASV1209,0,0,17,0,0,4
ASV1212,0,0,0,0,23,0
ASV1213,0,0,0,0,23,0
ASV1216,0,19,0,0,0,0
ASV1217,0,11,0,0,0,0
ASV1218,0,11,0,0,0,0
ASV1219,0,15,1,0,0,0
ASV1220,16,0,0,0,0,0
ASV1221,6,0,0,8,0,0
ASV1225,0,0,25,0,0,0
ASV1226,0,0,14,0,0,0
ASV1229,0,0,22,0,0,0
ASV1230,0,0,26,0,1,0
ASV1232,0,0,0,0,0,0
ASV1234,0,0,0,0,0,0
ASV1237,0,0,0,0,0,17
ASV1239,0,2,0,0,0,0
ASV1240,0,4,0,0,0,0
ASV1243,0,17,0,0,0,0
ASV1244,0,21,0,0,0,0
ASV1245,0,6,0,13,0,0
ASV1246,22,0,0,0,0,0
ASV1248,0,0,27,0,0,0
ASV1250,0,0,22,0,0,0
ASV1251,0,0,16,0,0,0
ASV1254,0,0,0,0,0,24
ASV1256,0,10,0,0,0,0
ASV1260,0,0,0,17,0,0
ASV1262,0,0,22,0,0,0
ASV1264,0,0,23,0,0,0
ASV1265,0,0,23,0,0,0
ASV1270,0,0,0,0,0,0
ASV1271,0,0,0,0,0,0
ASV1272,0,15,0,0,0,0
ASV1273,0,19,0,0,0,0
ASV1276,0,0,26,0,0,0
ASV1278,0,0,21,0,0,0
ASV1280,0,0,22,0,0,0
ASV1281,0,0,16,0,0,3
ASV1283,0,0,0,0,0,0
ASV1286,0,0,0,0,16,0
ASV1287,0,0,0,0,21,0
ASV1288,0,0,0,0,6,14
ASV1290,0,0,0,0,0,22
ASV1294,0,0,0,0,0,0
ASV1295,0,10,0,0,0,0
ASV1298,0,0,27,0,0,0
ASV1303,0,0,0,0,0,0
ASV1304,0,0,0,0,0,27
ASV1306,0,0,11,0,0,0
ASV1309,0,0,0,0,0,0
ASV1310,0,18,0,0,0,0
ASV1314,0,0,0,21,0,0
ASV1315,0,0,18,0,0,0
ASV1316,0,0,18,0,0,0
ASV1317,0,0,22,0,0,0
ASV1318,0,0,27,0,0,0
ASV1319,0,0,27,0,0,0
ASV1320,0,0,27,0,0,0
ASV1323,0,0,16,0,0,0
ASV1325,0,0,0,0,0,0
ASV1326,0,0,0,0,0,0
ASV1327,0,0,0,0,17,0
ASV1328,0,0,0,0,15,0
ASV1330,0,0,0,0,0,24
ASV1332,0,0,0,0,0,26
ASV1333,0,0,0,0,0,0
ASV1334,0,0,0,0,0,0
ASV1336,0,17,0,0,0,0
ASV1339,0,2,0,0,0,0
ASV1341,0,0,0,13,0,0
ASV1348,0,0,0,0,19,0
ASV1349,0,0,0,0,5,20
ASV1350,0,0,0,0,0,0
ASV1351,0,0,0,0,0,0
ASV1352,0,0,0,0,0,0
ASV1353,0,0,0,0,0,0
ASV1354,0,16,0,0,0,0
ASV1355,0,14,0,0,0,0
ASV1356,0,14,0,0,0,0
ASV1357,0,15,0,0,0,0
ASV1361,0,0,23,0,0,0
ASV1363,0,0,21,0,0,0
ASV1364,0,0,17,0,0,0
ASV1367,0,0,23,0,0,0
ASV1369,0,0,24,0,0,0
ASV1370,0,0,18,0,1,0
ASV1372,0,0,0,0,0,0
ASV1373,0,0,0,0,0,0
ASV1375,0,0,0,0,0,25
ASV1377,0,0,0,0,0,0
ASV1378,0,0,0,18,0,0
ASV1379,4,0,0,8,0,0
ASV1382,0,11,0,0,0,0
ASV1384,0,16,0,0,0,0
ASV1387,0,0,21,0,0,0
ASV1389,0,0,23,0,0,0
ASV1392,0,0,24,0,0,0
ASV1393,0,0,21,0,0,0
ASV1398,0,0,7,0,0,0
ASV1399,0,0,10,0,0,0
ASV1401,0,0,5,0,0,0
ASV1402,0,0,0,0,0,0
ASV1403,0,0,0,0,0,0
ASV1404,0,0,0,0,19,0
ASV1405,0,0,0,0,0,0
ASV1407,0,0,0,0,0,22
ASV1411,0,7,0,0,0,0
ASV1413,15,0,0,0,0,0
ASV1415,0,0,0,3,0,0
ASV1417,0,0,20,0,0,0
ASV1419,0,0,17,0,0,0
ASV1425,0,0,2,0,0,0
ASV1426,0,0,3,0,0,0
ASV1427,0,0,0,0,0,0
ASV1428,0,0,0,0,16,0
ASV1429,0,0,0,0,0,0
ASV1434,0,0,12,0,0,0
ASV1437,0,16,0,0,0,0
ASV1438,0,0,0,15,0,0
ASV1442,0,0,20,0,0,0
ASV1445,0,0,24,0,0,0
ASV1447,0,0,19,0,0,0
ASV1451,0,0,0,0,11,0
ASV1452,0,0,0,0,14,0
ASV1457,0,0,0,0,0,2
ASV1458,0,0,0,0,0,0
ASV1459,0,0,0,0,0,0
ASV1460,0,11,0,0,0,0
ASV1461,0,15,0,0,0,0
ASV1462,14,0,0,0,0,0
ASV1463,16,0,0,0,0,0
ASV1465,5,0,0,4,0,0
ASV1468,0,0,0,11,0,0
ASV1473,0,0,17,0,0,0
ASV1474,0,0,18,0,0,0
ASV1478,0,0,19,0,0,0
ASV1480,0,0,0,0,0,0
ASV1482,0,0,0,0,19,0
ASV1483,0,0,0,0,0,19
ASV1486,0,0,0,0,0,0
ASV1487,0,0,0,0,0,0
ASV1488,0,8,0,0,0,0
ASV1490,0,11,0,0,0,0
ASV1491,0,12,0,0,0,0
ASV1493,15,0,0,0,0,0
ASV1494,18,0,0,0,0,0
ASV1495,0,0,0,17,0,0
ASV1497,0,0,20,0,0,0
ASV1499,0,0,19,0,0,0
ASV1500,0,0,18,0,0,0
ASV1503,0,0,0,0,0,0
ASV1504,0,0,0,0,0,0
ASV1505,0,0,0,0,0,0
ASV1507,0,0,0,0,17,0
ASV1508,0,0,0,0,17,0
ASV1509,0,0,0,0,8,0
ASV1510,0,0,0,0,0,20
ASV1511,0,0,0,0,0,19
ASV1512,0,0,8,0,0,0
ASV1513,0,0,0,0,0,0
ASV1514,0,0,0,0,0,0
ASV1515,0,11,0,0,0,0
ASV1517,0,13,0,0,0,0
ASV1519,0,9,0,0,0,0
ASV1520,0,14,0,0,0,0
ASV1522,2,0,0,13,0,0
ASV1526,0,0,19,0,0,0
ASV1527,0,0,23,0,0,0
ASV1534,0,0,0,0,0,0
ASV1538,0,0,0,0,0,20
ASV1539,0,0,0,0,0,18
ASV1540,0,0,0,0,0,13
ASV1541,0,0,0,0,0,0
ASV1542,0,0,0,0,0,0
ASV1544,0,13,0,0,0,0
ASV1546,0,16,0,0,0,0
ASV1550,0,8,0,0,0,0
ASV1552,2,0,0,0,9,0
ASV1557,0,0,19,0,0,0
ASV1559,0,0,18,0,0,0
ASV1561,0,0,16,0,0,0
ASV1562,0,0,0,0,0,0
ASV1563,0,0,0,0,0,0
ASV1568,0,0,0,0,0,22
ASV1570,0,11,0,0,0,0
ASV1572,0,6,7,0,0,0
ASV1573,0,0,0,8,2,0
ASV1574,0,0,14,4,0,0
ASV1576,0,0,16,0,0,0
ASV1578,0,0,15,0,0,0
ASV1580,0,0,17,0,0,0
ASV1581,0,0,12,0,0,0
ASV1582,0,0,17,0,0,0
ASV1587,0,0,0,0,0,0
ASV1590,0,0,0,0,0,15
ASV1593,0,0,0,0,0,0
ASV1595,0,0,0,0,0,0
ASV1596,0,0,0,0,0,0
ASV1597,0,0,0,2,0,0
ASV1598,0,11,0,0,0,0
ASV1602,0,16,0,0,0,0
ASV1603,0,13,0,0,0,0
ASV1605,0,8,0,0,0,0
ASV1606,0,11,0,0,0,0
ASV1607,0,0,0,11,0,0
ASV1609,0,0,12,0,0,0
ASV1611,0,0,16,0,0,0
ASV1614,0,0,15,0,0,0
ASV1615,0,0,16,0,0,0
ASV1616,0,0,17,0,0,0
ASV1617,0,0,17,0,0,0
ASV1618,0,0,14,0,0,0
ASV1619,0,0,10,0,0,0
ASV1620,0,0,16,0,0,0
ASV1621,0,0,12,0,0,0
ASV1622,0,0,13,0,0,0
ASV1626,0,0,6,0,0,0
ASV1627,0,0,0,0,0,0
ASV1628,0,0,0,0,14,0
ASV1631,0,0,0,0,0,17
ASV1632,0,0,0,0,0,23
ASV1635,0,0,0,0,0,16
ASV1636,0,0,0,0,0,17
ASV1640,0,13,0,0,0,0
ASV1641,0,12,0,0,0,0
ASV1645,0,0,0,18,0,0
ASV1646,0,0,0,15,0,0
ASV1649,0,0,12,0,0,0
ASV1650,0,0,14,0,0,0
ASV1652,0,0,10,0,0,0
ASV1654,0,0,18,0,0,0
ASV1659,0,0,15,0,0,0
ASV1661,0,0,13,0,0,0
ASV1663,0,0,10,0,0,0
ASV1665,0,0,0,0,0,0
ASV1672,0,0,0,0,0,7
ASV1673,0,0,0,0,0,0
ASV1677,0,16,0,0,0,0
ASV1680,0,9,0,0,0,0
ASV1681,0,0,0,10,0,0
ASV1685,0,0,17,0,0,0
ASV1686,0,0,12,0,0,0
ASV1688,0,0,12,0,0,0
ASV1689,0,0,11,0,0,0
ASV1690,0,0,14,0,0,0
ASV1693,0,0,18,0,0,0
ASV1695,0,0,8,0,0,0
ASV1698,0,0,6,0,0,0
ASV1700,0,0,0,0,0,9
ASV1702,0,0,0,0,13,0
ASV1704,0,0,0,0,0,0
ASV1708,0,0,0,0,0,19
ASV1710,0,0,0,0,0,0
ASV1711,0,0,0,0,0,0
ASV1712,0,0,6,0,0,0
ASV1713,0,0,0,0,0,0
ASV1714,0,6,0,0,0,0
ASV1715,0,10,0,0,0,0
ASV1717,0,12,3,0,0,0
ASV1718,2,0,0,8,0,0
ASV1719,0,0,0,12,0,0
ASV1720,0,0,0,12,0,0
ASV1721,0,0,0,12,0,0
ASV1722,0,0,9,0,0,0
ASV1730,0,0,15,0,0,0
ASV1731,0,0,15,0,0,0
ASV1733,0,0,13,0,0,0
ASV1735,0,0,12,0,0,0
ASV1738,0,0,0,0,0,0
ASV1740,0,0,0,0,14,0
ASV1741,0,0,0,0,12,0
ASV1742,0,0,0,0,0,0
ASV1743,0,0,0,0,0,12
ASV1744,0,0,0,0,0,12
ASV1745,0,0,0,0,0,18
ASV1746,0,0,0,0,0,17
ASV1749,0,0,0,0,0,0
ASV1750,0,11,0,0,0,0
ASV1751,0,11,0,0,0,0
ASV1755,7,0,0,0,0,0
ASV1756,0,0,0,13,0,0
ASV1758,0,0,11,0,0,0
ASV1761,0,0,15,0,0,0
ASV1765,0,0,8,0,0,0
ASV1766,0,0,15,0,0,0
ASV1771,0,0,13,0,0,0
ASV1775,0,0,5,0,0,0
ASV1779,0,0,0,0,15,0
ASV1780,0,0,0,0,8,0
ASV1782,0,0,0,0,2,14
ASV1783,0,0,0,0,0,0
ASV1786,0,0,0,0,0,0
ASV1788,0,0,0,0,0,18
ASV1789,0,0,0,0,0,14
ASV1793,0,0,9,0,0,0
ASV1794,0,0,0,0,0,0
ASV1795,0,9,0,0,0,0
ASV1798,0,10,0,0,0,0
ASV1799,0,8,0,0,0,0
ASV1800,8,0,0,9,0,0
ASV1801,2,0,6,0,0,0
ASV1802,0,0,0,7,0,0
ASV1806,0,0,15,0,0,0
ASV1809,0,0,14,0,0,0
ASV1812,0,0,10,0,0,0
ASV1816,0,0,6,0,0,0
ASV1817,0,0,0,0,0,0
ASV1819,0,0,0,0,0,0
ASV1820,0,0,0,0,15,0
ASV1821,0,0,0,0,7,0
ASV1824,0,0,0,0,0,0
ASV1831,0,0,0,0,0,0
ASV1833,0,0,0,0,0,0
ASV1834,0,0,0,0,0,0
ASV1835,0,0,0,0,0,0
ASV1841,0,11,0,0,0,0
ASV1843,0,8,0,0,0,0
ASV1848,0,0,0,6,0,0
ASV1854,0,0,16,0,0,0
ASV1855,0,0,13,0,0,0
ASV1859,0,0,10,0,0,0
ASV1860,0,0,11,0,0,0
ASV1863,0,0,7,0,0,0
ASV1865,0,0,0,0,0,0
ASV1867,0,0,0,0,0,0
ASV1869,0,0,0,0,10,0
ASV1875,0,0,0,0,0,0
ASV1877,0,0,0,0,0,16
ASV1880,0,0,0,0,0,0
ASV1881,0,0,0,0,0,0
ASV1882,0,0,0,0,0,0
ASV1886,0,4,0,0,0,0
ASV1887,0,6,0,0,0,0
ASV1890,0,5,0,0,0,0
ASV1891,0,7,0,0,0,0
ASV1893,0,10,0,0,0,0
ASV1894,0,10,0,0,0,0
ASV1895,0,8,0,0,0,0
ASV1896,0,8,0,0,0,0
ASV1899,0,0,11,0,0,0
ASV1901,0,0,10,0,0,0
ASV1902,0,0,10,0,0,0
ASV1905,0,0,9,0,0,0
ASV1908,0,0,12,0,0,0
ASV1911,0,0,15,0,0,0
ASV1916,0,0,8,0,0,0
ASV1917,0,0,12,0,0,0
ASV1918,0,0,10,0,0,0
ASV1919,0,0,10,0,0,0
ASV1922,0,0,16,0,0,0
ASV1923,0,0,9,0,0,0
ASV1924,0,0,12,0,0,0
ASV1925,0,0,6,0,4,0
ASV1926,0,0,0,0,0,0
ASV1927,0,0,0,0,0,0
ASV1931,0,0,0,0,12,0
ASV1932,0,0,0,0,9,0
ASV1933,0,0,0,0,9,0
ASV1934,0,0,0,0,0,0
ASV1935,0,0,0,0,0,0
ASV1936,0,0,0,0,0,0
ASV1940,0,0,0,0,0,15
ASV1941,0,0,0,0,0,0
ASV1942,0,0,0,0,0,0
ASV1943,0,7,0,0,0,0
ASV1949,0,11,0,0,0,0
ASV1950,0,7,0,0,0,0
ASV1952,0,5,0,0,0,0
ASV1959,15,0,0,0,0,0
ASV1975,0,0,6,0,0,0
ASV1978,0,0,9,0,0,0
ASV1980,0,0,0,0,0,0
ASV1981,0,0,0,0,0,0
ASV1984,0,0,0,0,0,0
ASV1985,0,0,0,0,0,11
ASV1988,0,0,0,0,0,11
ASV1991,0,0,0,0,0,0
ASV1995,0,8,0,0,0,0
ASV2000,0,3,0,0,0,0
ASV2002,5,0,8,0,0,0
ASV2003,0,0,0,11,0,0
ASV2005,0,0,0,7,0,0
ASV2006,0,0,0,9,0,0
ASV2007,0,0,9,0,0,0
ASV2009,0,0,13,0,0,0
ASV2014,0,0,15,0,0,0
ASV2015,0,0,9,0,0,0
ASV2018,0,0,10,0,0,0
ASV2019,0,0,8,0,0,0
ASV2028,0,0,0,0,0,0
ASV2030,0,0,0,0,11,0
ASV2031,0,0,0,0,10,0
ASV2032,0,0,0,0,9,0
ASV2033,0,0,0,0,12,0
ASV2035,0,0,0,0,10,0
ASV2045,0,0,0,0,0,0
ASV2047,0,6,0,0,0,0
ASV2048,0,9,0,0,0,0
ASV2051,0,8,0,0,0,0
ASV2054,8,1,0,1,0,0
ASV2056,0,0,0,8,0,0
ASV2057,0,0,0,5,0,0
ASV2058,0,0,0,2,6,0
ASV2060,0,0,10,0,0,0
ASV2063,0,0,7,0,0,0
ASV2064,0,0,8,0,0,0
ASV2065,0,0,12,0,0,0
ASV2068,0,0,8,0,0,0
ASV2069,0,0,8,0,0,0
ASV2070,0,0,8,0,0,0
ASV2072,0,0,12,0,0,0
ASV2076,0,0,13,0,0,0
ASV2078,0,0,8,0,0,0
ASV2082,0,0,12,0,0,0
ASV2087,0,0,12,0,0,0
ASV2092,0,0,0,0,0,0
ASV2094,0,0,0,0,11,0
ASV2096,0,0,0,0,6,0
ASV2097,0,0,0,0,9,0
ASV2098,0,0,0,0,10,0
ASV2099,0,0,0,0,0,0
ASV2101,0,0,0,0,0,13
ASV2105,0,0,0,0,0,0
ASV2107,0,0,0,0,0,0
ASV2110,0,9,0,0,0,0
ASV2111,0,7,0,0,0,0
ASV2113,0,7,0,0,0,0
ASV2115,0,3,0,0,0,0
ASV2116,0,9,0,0,0,0
ASV2117,0,7,0,0,0,0
ASV2119,0,5,0,0,0,0
ASV2123,2,0,0,7,0,0
ASV2124,0,0,0,10,0,0
ASV2125,0,0,0,7,0,0
ASV2128,0,0,12,0,0,0
ASV2132,0,0,8,0,0,0
ASV2139,0,0,9,0,0,0
ASV2140,0,0,11,0,0,0
ASV2146,0,0,8,0,0,0
ASV2147,0,0,9,0,0,0
ASV2149,0,0,6,0,0,0
ASV2151,0,0,7,0,0,0
ASV2153,0,0,11,0,0,0
ASV2154,0,0,9,0,0,0
ASV2156,0,0,0,0,0,0
ASV2157,0,0,0,0,0,0
ASV2158,0,0,0,0,0,0
ASV2159,0,0,0,0,0,0
ASV2160,0,0,0,0,0,0
ASV2162,0,0,0,0,9,0
ASV2163,0,0,0,0,10,0
ASV2170,0,0,0,0,0,13
ASV2171,0,0,0,0,0,11
ASV2174,0,0,0,0,0,0
ASV2175,0,0,0,0,0,0
ASV2179,0,0,0,0,0,0
ASV2180,0,0,0,0,0,0
ASV2182,0,5,0,0,0,0
ASV2186,2,0,4,0,0,0
ASV2188,0,0,0,6,0,0
ASV2193,0,0,0,3,0,0
ASV2197,0,0,9,0,0,0
ASV2199,0,0,10,0,0,0
ASV2201,0,0,4,0,0,0
ASV2204,0,0,13,0,0,0
ASV2207,0,0,7,0,0,0
ASV2208,0,0,7,0,0,0
ASV2210,0,0,8,0,0,0
ASV2217,0,0,0,0,0,0
ASV2221,0,0,0,0,5,0
ASV2222,0,0,0,0,9,0
ASV2223,0,0,0,0,8,0
ASV2224,0,0,0,0,7,0
ASV2226,0,0,0,0,7,0
ASV2228,0,0,0,0,7,0
ASV2229,0,0,0,0,0,0
ASV2230,0,0,0,0,0,0
ASV2231,0,0,0,0,0,0
ASV2232,0,0,0,0,0,0
ASV2233,0,0,0,0,0,0
ASV2235,0,0,0,0,0,9
ASV2236,0,0,0,0,0,12
ASV2237,0,0,0,0,0,0
ASV2238,0,0,0,0,0,0
ASV2239,0,0,0,0,0,0
ASV2242,0,0,0,0,0,0
ASV2245,0,0,2,0,0,0
ASV2246,0,7,0,0,0,0
ASV2251,0,5,0,0,0,0
ASV2253,0,7,0,0,0,0
ASV2255,0,3,0,0,0,0
ASV2256,8,0,0,0,0,0
ASV2257,2,0,0,0,0,0
ASV2258,4,0,0,2,0,0
ASV2259,0,0,0,8,0,0
ASV2260,0,0,0,8,0,0
ASV2273,0,0,8,0,0,0
ASV2274,0,0,11,0,0,0
ASV2281,0,0,3,0,0,0
ASV2282,0,0,6,0,0,0
ASV2284,0,0,6,0,0,0
ASV2286,0,0,0,0,0,0
ASV2290,0,0,0,0,8,0
ASV2291,0,0,0,0,6,0
ASV2292,0,0,0,0,7,0
ASV2293,0,0,0,0,8,0
ASV2295,0,0,0,0,0,0
ASV2297,0,0,0,0,0,0
ASV2298,0,0,0,0,0,0
ASV2300,0,0,0,0,0,6
ASV2306,0,0,0,0,0,8
ASV2307,0,0,0,0,0,0
ASV2309,0,0,0,0,0,0
ASV2310,0,0,0,0,0,0
ASV2313,0,0,0,0,0,0
ASV2314,0,0,0,0,0,0
ASV2315,0,0,0,0,0,0
ASV2319,0,4,0,0,0,0
ASV2325,0,3,0,0,0,0
ASV2329,0,6,0,0,0,0
ASV2333,0,2,0,0,0,0
ASV2334,6,0,0,0,0,0
ASV2335,0,0,0,8,0,0
ASV2336,0,0,0,8,0,0
ASV2339,0,0,10,0,0,0
ASV2341,0,0,7,0,0,0
ASV2342,0,0,5,0,0,0
ASV2343,0,0,8,0,0,0
ASV2348,0,0,8,0,0,0
ASV2350,0,0,9,0,0,0
ASV2351,0,0,8,0,0,0
ASV2352,0,0,5,0,0,0
ASV2355,0,0,8,0,0,0
ASV2358,0,0,8,0,0,0
ASV2364,0,0,8,0,0,0
ASV2365,0,0,8,0,0,0
ASV2368,0,0,10,0,0,0
ASV2369,0,0,8,0,0,0
ASV2371,0,0,7,0,0,0
ASV2376,0,0,8,0,0,0
ASV2382,0,0,3,0,5,0
ASV2383,0,0,0,0,0,0
ASV2385,0,0,0,0,0,0
ASV2386,0,0,0,0,0,0
ASV2387,0,0,0,0,0,0
ASV2388,0,0,0,0,4,0
ASV2390,0,0,0,0,8,0
ASV2392,0,0,0,0,5,0
ASV2393,0,0,0,0,7,0
ASV2396,0,0,0,0,0,0
ASV2398,0,0,0,0,0,10
ASV2399,0,0,0,0,0,8
ASV2400,0,0,0,0,0,7
ASV2401,0,0,0,0,0,10
ASV2403,0,0,0,0,0,0
ASV2405,0,0,0,0,0,0
ASV2408,0,0,0,0,0,0
ASV2409,0,0,0,0,0,0
ASV2410,0,0,0,0,0,0
ASV2415,0,5,0,0,0,0
ASV2416,0,3,0,0,0,0
ASV2417,0,3,0,0,0,0
ASV2418,0,2,0,0,0,0
ASV2419,0,4,0,0,0,0
ASV2421,0,4,0,0,0,0
ASV2422,0,5,0,0,0,0
ASV2423,0,5,0,0,0,0
ASV2429,8,0,0,0,0,0
ASV2430,3,0,0,0,0,0
ASV2431,0,0,0,8,0,0
ASV2434,0,0,6,0,0,0
ASV2437,0,0,7,0,0,0
ASV2438,0,0,11,0,0,0
ASV2440,0,0,3,0,0,0
ASV2442,0,0,8,0,0,0
ASV2445,0,0,6,0,0,0
ASV2450,0,0,6,0,0,0
ASV2452,0,0,8,0,0,0
ASV2453,0,0,7,0,0,0
ASV2455,0,0,7,0,0,0
ASV2466,0,0,6,0,0,0
ASV2479,0,0,11,0,0,0
ASV2481,0,0,0,0,0,0
ASV2483,0,0,0,0,0,0
ASV2486,0,0,0,0,0,0
ASV2489,0,0,0,0,5,0
ASV2493,0,0,0,0,7,0
ASV2494,0,0,0,0,7,0
ASV2495,0,0,0,0,7,0
ASV2496,0,0,0,0,6,0
ASV2499,0,0,0,0,0,0
ASV2501,0,0,0,0,0,0
ASV2502,0,0,0,0,0,0
ASV2503,0,0,0,0,0,0
ASV2505,0,0,0,0,0,10
ASV2506,0,0,0,0,0,9
ASV2507,0,0,0,0,0,5
ASV2511,0,0,0,0,0,0
ASV2512,0,0,0,0,0,0
ASV2516,0,0,0,0,0,0
ASV2519,0,4,0,0,0,0
ASV2520,0,4,0,0,0,0
ASV2521,0,5,0,0,0,0
ASV2522,0,5,0,0,0,0
ASV2526,0,5,0,0,0,0
ASV2528,0,5,0,0,0,0
ASV2534,4,0,0,0,0,0
ASV2537,5,0,0,0,0,0
ASV2540,6,0,0,0,0,0
ASV2543,0,0,0,6,0,0
ASV2544,0,0,0,6,0,0
ASV2545,0,0,6,0,0,0
ASV2546,0,0,7,0,0,0
ASV2547,0,0,8,0,0,0
ASV2556,0,0,7,0,0,0
ASV2559,0,0,8,0,0,0
ASV2565,0,0,6,0,0,0
ASV2566,0,0,5,0,0,0
ASV2567,0,0,9,0,0,0
ASV2568,0,0,5,0,0,0
ASV2569,0,0,7,0,0,0
ASV2573,0,0,5,0,0,0
ASV2576,0,0,6,0,0,0
ASV2582,0,0,7,0,0,0
ASV2583,0,0,8,0,0,0
ASV2585,0,0,4,0,0,0
ASV2588,0,0,7,0,0,0
ASV2589,0,0,0,0,0,0
ASV2590,0,0,0,0,0,0
ASV2591,0,0,0,0,0,0
ASV2592,0,0,0,0,0,0
ASV2593,0,0,0,0,0,0
ASV2594,0,0,0,0,2,0
ASV2596,0,0,0,0,5,0
ASV2597,0,0,0,0,5,0
ASV2598,0,0,0,0,5,0
ASV2600,0,0,0,0,6,0
ASV2602,0,0,0,0,0,0
ASV2606,0,0,0,0,0,6
ASV2607,0,0,0,0,0,10
ASV2608,0,0,0,0,0,3
ASV2616,0,0,0,0,0,0
ASV2623,0,0,0,0,0,0
ASV2626,0,0,0,0,0,0
ASV2630,0,2,0,0,0,0
ASV2632,0,4,0,0,0,0
ASV2634,0,5,0,0,0,0
ASV2636,0,7,0,0,0,0
ASV2637,0,2,0,0,0,0
ASV2638,0,3,0,0,0,0
ASV2645,0,5,0,0,0,0
ASV2649,4,0,0,0,0,0
ASV2650,6,0,0,0,0,0
ASV2656,0,0,0,4,0,0
ASV2657,0,0,0,5,0,0
ASV2659,0,0,0,3,0,0
ASV2660,0,0,0,5,0,0
ASV2665,0,0,6,0,0,0
ASV2668,0,0,7,0,0,0
ASV2672,0,0,5,0,0,0
ASV2678,0,0,1,0,0,0
ASV2679,0,0,6,0,0,0
ASV2680,0,0,6,0,0,0
ASV2681,0,0,5,0,0,0
ASV2685,0,0,5,0,0,0
ASV2686,0,0,4,0,0,0
ASV2688,0,0,7,0,0,0
ASV2689,0,0,7,0,0,0
ASV2692,0,0,6,0,0,0
ASV2694,0,0,8,0,0,0
ASV2696,0,0,4,0,0,0
ASV2700,0,0,6,0,0,0
ASV2702,0,0,5,0,0,0
ASV2710,0,0,4,0,0,0
ASV2711,0,0,7,0,0,0
ASV2715,0,0,9,0,0,0
ASV2716,0,0,5,0,0,0
ASV2717,0,0,3,0,0,0
ASV2718,0,0,6,0,0,0
ASV2719,0,0,2,0,0,0
ASV2721,0,0,0,0,0,0
ASV2722,0,0,0,0,0,0
ASV2726,0,0,0,0,5,0
ASV2729,0,0,0,0,2,0
ASV2731,0,0,0,0,5,0
ASV2734,0,0,0,0,0,0
ASV2736,0,0,0,0,0,0
ASV2737,0,0,0,0,0,0
ASV2740,0,0,0,0,0,0
ASV2742,0,0,0,0,0,0
ASV2743,0,0,0,0,0,6
ASV2744,0,0,0,0,0,6
ASV2747,0,0,0,0,0,7
ASV2748,0,0,0,0,0,4
ASV2749,0,0,0,0,0,5
ASV2758,0,0,0,0,0,0
ASV2760,0,0,0,0,0,0
ASV2761,0,0,0,0,0,0
ASV2764,0,0,0,0,0,0
ASV2765,0,0,0,0,0,0
ASV2766,0,0,0,0,0,0
ASV2767,0,0,0,0,0,0
ASV2768,0,4,0,0,0,0
ASV2771,0,4,0,0,0,0
ASV2772,0,4,0,0,0,0
ASV2773,0,5,0,0,0,0
ASV2776,0,5,0,0,0,0
ASV2777,0,4,0,0,0,0
ASV2778,0,6,0,0,0,0
ASV2780,0,4,0,0,0,0
ASV2781,0,6,0,0,0,0
ASV2785,5,0,0,0,0,0
ASV2786,4,0,0,0,0,0
ASV2789,0,0,0,4,0,0
ASV2791,0,0,0,3,0,0
ASV2794,0,0,3,0,0,0
ASV2806,0,0,7,0,0,0
ASV2810,0,0,5,0,0,0
ASV2811,0,0,5,0,0,0
ASV2812,0,0,5,0,0,0
ASV2814,0,0,4,0,0,0
ASV2817,0,0,2,0,0,0
ASV2821,0,0,9,0,0,0
ASV2834,0,0,4,0,0,0
ASV2835,0,0,3,0,0,0
ASV2837,0,0,0,0,0,0
ASV2841,0,0,0,0,0,0
ASV2851,0,0,0,0,1,5
ASV2853,0,0,0,0,0,0
ASV2854,0,0,0,0,0,0
ASV2855,0,0,0,0,0,0
ASV2856,0,0,0,0,0,0
ASV2858,0,0,0,0,0,5
ASV2860,0,0,0,0,0,7
ASV2862,0,0,0,0,0,6
ASV2868,0,0,0,0,0,0
ASV2873,0,0,0,0,0,0
ASV2875,0,0,0,0,0,0
ASV2876,0,0,0,0,0,0
ASV2878,0,0,0,0,0,0
ASV2879,0,0,0,0,0,0
ASV2880,0,0,0,0,0,0
ASV2881,0,0,0,0,0,0
ASV2882,0,0,0,0,0,0
ASV2889,0,4,0,0,0,0
ASV2897,0,3,0,0,0,0
ASV2899,0,5,0,0,0,0
ASV2901,0,2,0,0,0,0
ASV2902,0,2,0,0,0,0
ASV2907,0,4,0,0,0,0
ASV2909,0,5,0,0,0,0
ASV2911,0,6,0,0,0,0
ASV2912,0,5,0,0,0,0
ASV2915,0,1,0,0,0,0
ASV2921,0,4,0,0,0,0
ASV2922,4,0,0,0,0,0
ASV2924,3,0,0,0,0,0
ASV2928,0,0,0,5,0,0
ASV2930,0,0,0,6,0,0
ASV2932,0,0,0,7,0,0
ASV2933,0,0,0,3,0,0
ASV2935,0,0,6,0,0,0
ASV2941,0,0,6,0,0,0
ASV2946,0,0,7,0,0,0
ASV2954,0,0,7,0,0,0
ASV2962,0,0,3,0,0,0
ASV2965,0,0,4,0,0,0
ASV2969,0,0,7,0,0,0
ASV2975,0,0,5,0,0,0
ASV2978,0,0,5,0,0,0
ASV2983,0,0,2,0,0,0
ASV2984,0,0,5,0,0,0
ASV2987,0,0,0,0,0,0
ASV2988,0,0,0,0,0,0
ASV2989,0,0,0,0,0,0
ASV2990,0,0,0,0,0,0
ASV2992,0,0,0,0,0,0
ASV2996,0,0,0,0,0,0
ASV2999,0,0,0,0,0,0
ASV3000,0,0,0,0,0,0
ASV3001,0,0,0,0,5,0
ASV3005,0,0,0,0,3,0
ASV3009,0,0,0,0,4,0
ASV3010,0,0,0,0,5,0
ASV3013,0,0,0,0,4,0
ASV3014,0,0,0,0,4,0
ASV3018,0,0,0,0,0,0
ASV3020,0,0,0,0,0,0
ASV3021,0,0,0,0,0,0
ASV3022,0,0,0,0,0,0
ASV3023,0,0,0,0,0,0
ASV3025,0,0,0,0,0,0
ASV3029,0,0,0,0,0,6
ASV3030,0,0,0,0,0,6
ASV3031,0,0,0,0,0,6
ASV3033,0,0,0,0,0,5
ASV3036,0,0,0,0,0,0
ASV3037,0,0,0,0,0,0
ASV3039,0,0,0,0,0,0
ASV3042,0,0,0,0,0,0
ASV3044,0,0,0,0,0,0
ASV3045,0,0,0,0,0,0
ASV3046,0,0,0,0,0,0
ASV3049,0,0,0,0,0,0
ASV3053,0,0,0,0,0,0
ASV3054,0,0,0,0,0,0
ASV3055,0,0,0,0,0,0
ASV3057,0,6,0,0,0,0
ASV3059,0,2,0,0,0,0
ASV3062,0,2,0,0,0,0
ASV3063,0,3,0,0,0,0
ASV3064,0,3,0,0,0,0
ASV3067,0,5,0,0,0,0
ASV3068,0,4,0,0,0,0
ASV3071,0,4,0,0,0,0
ASV3077,0,2,0,0,0,0
ASV3081,1,0,0,1,0,0
ASV3082,0,0,0,3,0,0
ASV3087,0,0,0,3,0,0
ASV3088,0,0,0,2,0,0
ASV3095,0,0,5,0,0,0
ASV3100,0,0,3,0,0,0
ASV3105,0,0,2,0,0,0
ASV3110,0,0,4,0,0,0
ASV3112,0,0,3,0,0,0
ASV3113,0,0,6,0,0,0
ASV3115,0,0,3,0,0,0
ASV3118,0,0,1,0,0,0
ASV3120,0,0,5,0,0,0
ASV3121,0,0,4,0,0,0
ASV3122,0,0,4,0,0,0
ASV3124,0,0,5,0,0,0
ASV3126,0,0,5,0,0,0
ASV3130,0,0,3,0,0,0
ASV3135,0,0,6,0,0,0
ASV3139,0,0,5,0,0,0
ASV3143,0,0,1,0,0,0
ASV3144,0,0,3,0,0,0
ASV3145,0,0,4,0,0,0
ASV3150,0,0,5,0,0,0
ASV3151,0,0,3,0,0,0
ASV3166,0,0,0,0,0,0
ASV3169,0,0,0,0,0,0
ASV3172,0,0,0,0,4,0
ASV3173,0,0,0,0,4,0
ASV3176,0,0,0,0,3,0
ASV3179,0,0,0,0,5,0
ASV3180,0,0,0,0,5,0
ASV3181,0,0,0,0,3,0
ASV3183,0,0,0,0,0,0
ASV3187,0,0,0,0,0,0
ASV3193,0,0,0,0,0,3
ASV3196,0,0,0,0,0,5
ASV3197,0,0,0,0,0,3
ASV3199,0,0,0,0,0,4
ASV3201,0,0,0,0,0,5
ASV3203,0,0,0,0,0,5
ASV3205,0,0,0,0,0,4
ASV3206,0,0,0,0,0,0
ASV3216,0,0,0,0,0,0
ASV3219,0,0,0,0,0,0
ASV3223,0,0,0,0,0,0
ASV3224,0,0,0,0,0,0
ASV3228,0,0,0,0,0,0
ASV3229,0,0,0,0,0,0
ASV3230,0,0,0,0,0,0
ASV3232,0,0,0,0,0,0
ASV3236,0,4,0,0,0,0
ASV3240,0,2,0,0,0,0
ASV3241,0,3,0,0,0,0
ASV3244,0,2,0,0,0,0
ASV3246,0,3,0,0,0,0
ASV3248,0,2,0,0,0,0
ASV3249,0,2,0,0,0,0
ASV3250,0,3,0,0,0,0
ASV3254,0,3,0,0,0,0
ASV3264,0,2,0,0,0,0
ASV3265,3,0,0,0,0,0
ASV3267,3,0,0,0,0,0
ASV3270,0,0,0,1,0,0
ASV3273,0,0,0,2,0,0
ASV3275,0,0,0,4,0,0
ASV3278,0,0,0,4,0,0
ASV3279,0,0,0,1,0,0
ASV3281,0,0,6,0,0,0
ASV3282,0,0,5,0,0,0
ASV3283,0,0,4,0,0,0
ASV3286,0,0,2,0,0,0
ASV3287,0,0,3,0,0,0
ASV3291,0,0,5,0,0,0
ASV3310,0,0,3,0,0,0
ASV3316,0,0,3,0,0,0
ASV3317,0,0,3,0,0,0
ASV3318,0,0,2,0,0,0
ASV3325,0,0,3,0,0,0
ASV3328,0,0,4,0,0,0
ASV3332,0,0,3,0,0,0
ASV3338,0,0,4,0,0,0
ASV3340,0,0,2,0,0,0
ASV3348,0,0,2,0,0,0
ASV3349,0,0,4,0,0,0
ASV3350,0,0,3,0,0,0
ASV3351,0,0,2,0,0,0
ASV3354,0,0,6,0,0,0
ASV3356,0,0,3,0,0,0
ASV3359,0,0,0,0,0,0
ASV3364,0,0,0,0,0,0
ASV3365,0,0,0,0,0,0
ASV3368,0,0,0,0,0,0
ASV3369,0,0,0,0,0,0
ASV3375,0,0,0,0,2,0
ASV3380,0,0,0,0,3,0
ASV3381,0,0,0,0,2,0
ASV3382,0,0,0,0,5,0
ASV3384,0,0,0,0,1,0
ASV3386,0,0,0,0,0,0
ASV3387,0,0,0,0,0,0
ASV3392,0,0,0,0,0,0
ASV3399,0,0,0,0,0,4
ASV3400,0,0,0,0,0,3
ASV3402,0,0,0,0,0,5
ASV3405,0,0,0,0,0,4
ASV3407,0,0,0,0,0,5
ASV3419,0,0,0,0,0,0
ASV3420,0,0,0,0,0,0
ASV3424,0,0,0,0,0,0
ASV3428,0,0,0,0,0,0
ASV3434,0,0,0,0,0,0
ASV3439,0,0,0,0,0,0
ASV3443,0,0,0,0,0,0
ASV3444,0,0,0,0,0,0
ASV3445,0,0,0,0,0,0
ASV3450,0,0,0,0,0,0
ASV3453,0,2,0,0,0,0
ASV3455,0,3,0,0,0,0
ASV3462,0,2,0,0,0,0
ASV3463,0,4,0,0,0,0
ASV3465,0,2,0,0,0,0
ASV3466,0,2,0,0,0,0
ASV3471,0,3,0,0,0,0
ASV3475,0,2,0,0,0,0
ASV3478,0,1,0,0,0,0
ASV3481,0,2,0,0,0,0
ASV3483,0,2,0,0,0,0
ASV3484,0,3,0,0,0,0
ASV3486,2,0,0,0,0,0
ASV3487,2,0,0,0,0,0
ASV3488,4,0,0,0,0,0
ASV3489,2,0,0,0,0,0
ASV3490,2,0,0,0,0,0
ASV3491,0,0,0,3,0,0
ASV3496,0,0,0,1,0,0
ASV3497,0,0,0,4,0,0
ASV3498,0,0,0,3,0,0
ASV3499,0,0,0,2,0,0
ASV3502,0,0,0,3,0,0
ASV3506,0,0,2,0,0,0
ASV3508,0,0,3,0,0,0
ASV3510,0,0,2,0,0,0
ASV3511,0,0,1,0,0,0
ASV3514,0,0,1,0,0,0
ASV3515,0,0,4,0,0,0
ASV3519,0,0,2,0,0,0
ASV3520,0,0,3,0,0,0
ASV3522,0,0,4,0,0,0
ASV3523,0,0,3,0,0,0
ASV3526,0,0,3,0,0,0
ASV3531,0,0,2,0,0,0
ASV3537,0,0,2,0,0,0
ASV3540,0,0,2,0,0,0
ASV3541,0,0,1,0,0,0
ASV3542,0,0,1,0,0,0
ASV3545,0,0,3,0,0,0
ASV3546,0,0,2,0,0,0
ASV3550,0,0,2,0,0,0
ASV3553,0,0,3,0,0,0
ASV3554,0,0,4,0,0,0
ASV3565,0,0,4,0,0,0
ASV3569,0,0,3,0,0,0
ASV3574,0,0,3,0,0,0
ASV3580,0,0,5,0,0,0
ASV3581,0,0,3,0,0,0
ASV3582,0,0,2,0,0,0
ASV3586,0,0,3,0,0,0
ASV3590,0,0,2,0,0,0
ASV3599,0,0,3,0,0,0
ASV3600,0,0,4,0,0,0
ASV3602,0,0,3,0,0,0
ASV3603,0,0,0,0,0,0
ASV3606,0,0,0,0,0,0
ASV3607,0,0,0,0,0,0
ASV3608,0,0,0,0,0,0
ASV3609,0,0,0,0,0,0
ASV3610,0,0,0,0,0,0
ASV3611,0,0,0,0,0,0
ASV3614,0,0,0,0,0,0
ASV3615,0,0,0,0,0,0
ASV3624,0,0,0,0,3,0
ASV3629,0,0,0,0,3,0
ASV3630,0,0,0,0,4,0
ASV3632,0,0,0,0,1,0
ASV3634,0,0,0,0,3,0
ASV3635,0,0,0,0,5,0
ASV3636,0,0,0,0,2,0
ASV3643,0,0,0,0,3,0
ASV3648,0,0,0,0,0,0
ASV3649,0,0,0,0,0,0
ASV3650,0,0,0,0,0,0
ASV3652,0,0,0,0,0,0
ASV3661,0,0,0,0,0,0
ASV3664,0,0,0,0,0,0
ASV3665,0,0,0,0,0,0
ASV3667,0,0,0,0,0,4
ASV3669,0,0,0,0,0,3
ASV3670,0,0,0,0,0,1
ASV3673,0,0,0,0,0,2
ASV3674,0,0,0,0,0,4
ASV3677,0,0,0,0,0,3
ASV3682,0,0,0,0,0,0
ASV3686,0,0,0,0,0,0
ASV3687,0,0,0,0,0,0
ASV3689,0,0,0,0,0,0
ASV3690,0,0,0,0,0,0
ASV3691,0,0,0,0,0,0
ASV3692,0,0,0,0,0,0
ASV3693,0,0,0,0,0,0
ASV3694,0,0,0,0,0,0
ASV3695,0,0,0,0,0,0
ASV3701,0,0,0,0,0,0
ASV3702,0,0,0,0,0,0
ASV3705,0,0,0,0,0,0
ASV3706,0,0,0,0,0,0
ASV3710,0,0,0,0,0,0
ASV3714,0,0,0,0,0,0
ASV3716,0,0,0,0,0,0
ASV3717,0,0,0,0,0,0
ASV3719,0,0,0,0,0,0
ASV3720,0,0,0,0,0,0
ASV3721,0,0,0,0,0,0
ASV3724,0,0,0,0,0,0
ASV3725,0,0,0,0,0,0
ASV3730,0,2,0,0,0,0
ASV3737,0,2,0,0,0,0
ASV3738,0,1,0,0,0,0
ASV3740,0,1,0,0,0,0
ASV3742,0,2,0,0,0,0
ASV3743,0,1,0,0,0,0
ASV3744,0,2,0,0,0,0
ASV3746,0,3,0,0,0,0
ASV3750,0,2,0,0,0,0
ASV3752,0,2,0,0,0,0
ASV3755,0,1,0,0,0,0
ASV3757,0,1,0,0,0,0
ASV3766,1,0,0,0,0,0
ASV3771,3,0,0,0,0,0
ASV3772,2,0,0,0,0,0
ASV3773,1,0,0,0,0,0
ASV3774,4,0,0,0,0,0
ASV3776,2,0,0,0,0,0
ASV3777,0,0,0,2,0,0
ASV3778,0,0,0,2,0,0
ASV3779,0,0,0,3,0,0
ASV3783,0,0,0,4,0,0
ASV3784,0,0,0,1,0,0
ASV3786,0,0,0,3,0,0
ASV3787,0,0,0,1,0,0
ASV3790,0,0,0,1,0,0
ASV3791,0,0,0,3,0,0
ASV3794,0,0,0,2,0,0
ASV3797,0,0,3,0,0,0
ASV3799,0,0,4,0,0,0
ASV3801,0,0,3,0,0,0
ASV3803,0,0,4,0,0,0
ASV3804,0,0,2,0,0,0
ASV3806,0,0,1,0,0,0
ASV3808,0,0,4,0,0,0
ASV3812,0,0,3,0,0,0
ASV3814,0,0,3,0,0,0
ASV3816,0,0,4,0,0,0
ASV3818,0,0,3,0,0,0
ASV3830,0,0,3,0,0,0
ASV3836,0,0,3,0,0,0
ASV3842,0,0,4,0,0,0
ASV3854,0,0,3,0,0,0
ASV3856,0,0,1,0,0,0
ASV3858,0,0,2,0,0,0
ASV3859,0,0,2,0,0,0
ASV3864,0,0,2,0,0,0
ASV3865,0,0,1,0,0,0
ASV3867,0,0,2,0,0,0
ASV3878,0,0,2,0,0,0
ASV3880,0,0,2,0,0,0
ASV3881,0,0,3,0,0,0
ASV3884,0,0,1,0,0,0
ASV3887,0,0,2,0,0,0
ASV3891,0,0,1,0,0,0
ASV3892,0,0,1,0,0,0
ASV3894,0,0,3,0,0,0
ASV3897,0,0,4,0,0,0
ASV3903,0,0,2,0,0,0
ASV3905,0,0,2,0,0,0
ASV3907,0,0,0,0,0,0
ASV3912,0,0,0,0,0,0
ASV3913,0,0,0,0,0,0
ASV3919,0,0,0,0,0,0
ASV3920,0,0,0,0,0,0
ASV3921,0,0,0,0,0,0
ASV3924,0,0,0,0,0,0
ASV3925,0,0,0,0,0,0
ASV3935,0,0,0,0,0,0
ASV3936,0,0,0,0,0,0
ASV3937,0,0,0,0,0,0
ASV3944,0,0,0,0,3,0
ASV3945,0,0,0,0,2,0
ASV3947,0,0,0,0,3,0
ASV3948,0,0,0,0,3,0
ASV3951,0,0,0,0,1,0
ASV3959,0,0,0,0,1,0
ASV3961,0,0,0,0,1,0
ASV3964,0,0,0,0,2,0
ASV3965,0,0,0,0,4,0
ASV3970,0,0,0,0,3,0
ASV3977,0,0,0,0,0,0
ASV3982,0,0,0,0,0,0
ASV3983,0,0,0,0,0,0
ASV3986,0,0,0,0,0,0
ASV3987,0,0,0,0,0,0
ASV3989,0,0,0,0,0,0
ASV3992,0,0,0,0,0,0
ASV3998,0,0,0,0,0,3
ASV4000,0,0,0,0,0,4
ASV4003,0,0,0,0,0,3
ASV4005,0,0,0,0,0,2
ASV4009,0,0,0,0,0,0
ASV4011,0,0,0,0,0,0
ASV4013,0,0,0,0,0,0
ASV4016,0,0,0,0,0,0
ASV4019,0,0,0,0,0,0
ASV4020,0,0,0,0,0,0
ASV4023,0,0,0,0,0,0
ASV4033,0,0,0,0,0,0
ASV4034,0,0,0,0,0,0
ASV4035,0,0,0,0,0,0
ASV4036,0,0,0,0,0,0
ASV4039,0,0,0,0,0,0
ASV4041,0,0,0,0,0,0
ASV4044,0,0,0,0,0,0
ASV4048,0,0,0,0,0,0
ASV4050,0,0,0,0,0,0
ASV4051,0,0,0,0,0,0
ASV4052,0,0,0,0,0,0
ASV4053,0,0,0,0,0,0
ASV4054,0,0,0,0,0,0
ASV4056,0,0,0,0,0,0
ASV4059,0,0,0,0,0,0
ASV4065,0,1,0,0,0,0
ASV4068,0,2,0,0,0,0
ASV4071,0,1,0,0,0,0
ASV4078,0,1,0,0,0,0
ASV4080,0,1,0,0,0,0
ASV4083,0,1,0,0,0,0
ASV4084,0,2,0,0,0,0
ASV4086,0,2,0,0,0,0
ASV4094,0,2,0,0,0,0
ASV4104,2,0,0,0,0,0
ASV4108,2,0,0,0,0,0
ASV4109,1,0,0,0,0,0
ASV4110,2,0,0,0,0,0
ASV4113,2,0,0,0,0,0
ASV4114,2,0,0,0,0,0
ASV4117,1,0,0,0,0,0
ASV4124,0,0,0,2,0,0
ASV4129,0,0,0,1,0,0
ASV4130,0,0,0,2,0,0
ASV4131,0,0,0,1,0,0
ASV4132,0,0,0,2,0,0
ASV4138,0,0,2,0,0,0
ASV4143,0,0,2,0,0,0
ASV4144,0,0,2,0,0,0
ASV4157,0,0,2,0,0,0
ASV4161,0,0,3,0,0,0
ASV4165,0,0,3,0,0,0
ASV4169,0,0,3,0,0,0
ASV4170,0,0,1,0,0,0
ASV4174,0,0,1,0,0,0
ASV4179,0,0,3,0,0,0
ASV4182,0,0,2,0,0,0
ASV4196,0,0,2,0,0,0
ASV4198,0,0,3,0,0,0
ASV4205,0,0,3,0,0,0
ASV4210,0,0,2,0,0,0
ASV4218,0,0,3,0,0,0
ASV4220,0,0,1,0,0,0
ASV4223,0,0,1,0,0,0
ASV4224,0,0,3,0,0,0
ASV4232,0,0,3,0,0,0
ASV4237,0,0,2,0,0,0
ASV4250,0,0,0,0,0,0
ASV4253,0,0,0,0,0,0
ASV4254,0,0,0,0,0,0
ASV4255,0,0,0,0,0,0
ASV4257,0,0,0,0,0,0
ASV4258,0,0,0,0,0,0
ASV4261,0,0,0,0,0,0
ASV4262,0,0,0,0,0,0
ASV4265,0,0,0,0,0,0
ASV4269,0,0,0,0,0,0
ASV4271,0,0,0,0,0,0
ASV4274,0,0,0,0,0,0
ASV4277,0,0,0,0,0,0
ASV4280,0,0,0,0,0,0
ASV4284,0,0,0,0,0,0
ASV4286,0,0,0,0,0,0
ASV4290,0,0,0,0,0,0
ASV4291,0,0,0,0,0,0
ASV4294,0,0,0,0,1,0
ASV4295,0,0,0,0,1,0
ASV4296,0,0,0,0,2,0
ASV4298,0,0,0,0,2,0
ASV4300,0,0,0,0,1,0
ASV4307,0,0,0,0,1,0
ASV4310,0,0,0,0,2,0
ASV4314,0,0,0,0,3,0
ASV4316,0,0,0,0,2,0
ASV4319,0,0,0,0,1,0
ASV4321,0,0,0,0,1,0
ASV4322,0,0,0,0,2,0
ASV4324,0,0,0,0,1,0
ASV4330,0,0,0,0,0,0
ASV4337,0,0,0,0,0,0
ASV4339,0,0,0,0,0,0
ASV4340,0,0,0,0,0,0
ASV4342,0,0,0,0,0,0
ASV4344,0,0,0,0,0,0
ASV4345,0,0,0,0,0,0
ASV4350,0,0,0,0,0,0
ASV4353,0,0,0,0,0,0
ASV4357,0,0,0,0,0,1
ASV4360,0,0,0,0,0,2
ASV4361,0,0,0,0,0,3
ASV4366,0,0,0,0,0,2
ASV4368,0,0,0,0,0,1
ASV4375,0,0,0,0,0,1
ASV4376,0,0,0,0,0,3
ASV4381,0,0,0,0,0,1
ASV4382,0,0,0,0,0,2
ASV4384,0,0,0,0,0,2
ASV4386,0,0,0,0,0,0
ASV4387,0,0,0,0,0,0
ASV4388,0,0,0,0,0,0
ASV4390,0,0,0,0,0,0
ASV4394,0,0,0,0,0,0
ASV4398,0,0,0,0,0,0
ASV4399,0,0,0,0,0,0
ASV4401,0,0,0,0,0,0
ASV4403,0,0,0,0,0,0
ASV4408,0,0,0,0,0,0
ASV4409,0,0,0,0,0,0
ASV4410,0,0,0,0,0,0
ASV4414,0,0,0,0,0,0
ASV4422,0,0,0,0,0,0
ASV4425,0,0,0,0,0,0
ASV4429,0,0,0,0,0,0
ASV4430,0,0,0,0,0,0
ASV4432,0,0,0,0,0,0
ASV4433,0,0,0,0,0,0
ASV4442,0,0,0,0,0,0
ASV4443,0,0,0,0,0,0
ASV4454,0,1,0,0,0,0
ASV4459,0,1,0,0,0,0
ASV4460,0,2,0,0,0,0
ASV4462,0,2,0,0,0,0
ASV4466,0,1,0,0,0,0
ASV4487,1,0,0,0,0,0
ASV4489,2,0,0,0,0,0
ASV4499,2,0,0,0,0,0
ASV4501,2,0,0,0,0,0
ASV4504,1,0,0,0,0,0
ASV4505,1,0,0,0,0,0
ASV4507,1,0,0,0,0,0
ASV4509,0,0,0,2,0,0
ASV4510,0,0,0,2,0,0
ASV4514,0,0,0,2,0,0
ASV4516,0,0,0,1,0,0
ASV4517,0,0,0,2,0,0
ASV4525,0,0,1,0,0,0
ASV4534,0,0,2,0,0,0
ASV4539,0,0,2,0,0,0
ASV4540,0,0,2,0,0,0
ASV4541,0,0,1,0,0,0
ASV4548,0,0,1,0,0,0
ASV4553,0,0,2,0,0,0
ASV4554,0,0,1,0,0,0
ASV4560,0,0,1,0,0,0
ASV4568,0,0,1,0,0,0
ASV4572,0,0,1,0,0,0
ASV4573,0,0,1,0,0,0
ASV4575,0,0,2,0,0,0
ASV4579,0,0,2,0,0,0
ASV4590,0,0,1,0,0,0
ASV4594,0,0,1,0,0,0
ASV4595,0,0,1,0,0,0
ASV4598,0,0,1,0,0,0
ASV4602,0,0,1,0,0,0
ASV4609,0,0,2,0,0,0
ASV4616,0,0,0,0,0,0
ASV4619,0,0,0,0,0,0
ASV4620,0,0,0,0,0,0
ASV4622,0,0,0,0,0,0
ASV4633,0,0,0,0,0,0
ASV4635,0,0,0,0,0,0
ASV4636,0,0,0,0,0,0
ASV4640,0,0,0,0,0,0
ASV4644,0,0,0,0,0,0
ASV4655,0,0,0,0,1,0
ASV4662,0,0,0,0,2,0
ASV4677,0,0,0,0,1,0
ASV4679,0,0,0,0,1,0
ASV4683,0,0,0,0,1,0
ASV4685,0,0,0,0,0,0
ASV4691,0,0,0,0,0,0
ASV4695,0,0,0,0,0,0
ASV4703,0,0,0,0,0,0
ASV4706,0,0,0,0,0,0
ASV4711,0,0,0,0,0,0
ASV4715,0,0,0,0,0,0
ASV4716,0,0,0,0,0,0
ASV4722,0,0,0,0,0,0
ASV4725,0,0,0,0,0,1
ASV4726,0,0,0,0,0,1
ASV4731,0,0,0,0,0,1
ASV4732,0,0,0,0,0,1
ASV4735,0,0,0,0,0,2
ASV4737,0,0,0,0,0,1
ASV4740,0,0,0,0,0,2
ASV4744,0,0,0,0,0,2
ASV4747,0,0,0,0,0,2
ASV4748,0,0,0,0,0,1
ASV4750,0,0,0,0,0,1
ASV4752,0,0,0,0,0,2
ASV4755,0,0,0,0,0,2
ASV4757,0,0,0,0,0,0
ASV4759,0,0,0,0,0,0
ASV4780,0,1,0,0,0,0
ASV4784,0,1,0,0,0,0
ASV4787,1,0,0,0,0,0
ASV4799,0,0,1,0,0,0
ASV4802,0,0,1,0,0,0
ASV4804,0,0,1,0,0,0
ASV4805,0,0,1,0,0,0
ASV4809,0,0,1,0,0,0
ASV4810,0,0,1,0,0,0
ASV4817,0,0,1,0,0,0
ASV4819,0,0,1,0,0,0
ASV4820,0,0,1,0,0,0
ASV4823,0,0,1,0,0,0
ASV4825,0,0,1,0,0,0
ASV4826,0,0,1,0,0,0
ASV4842,0,0,0,0,0,0
ASV4845,0,0,0,0,0,0
ASV4847,0,0,0,0,0,0
ASV4855,0,0,0,0,1,0
ASV4859,0,0,0,0,1,0
ASV4861,0,0,0,0,0,0
ASV4867,0,0,0,0,0,0
ASV4869,0,0,0,0,0,1
ASV4872,0,0,0,0,0,1
